Panamá|Arraiján
Panamá|Balboa
Panamá|Capira
Panamá|Chame
Panamá|Chepo
Panamá|Chimán
Panamá|La Chorrera
Panamá|Panamá
Panamá|San Carlos
Panamá|San Miguelito
Panamá|Taboga
Bocas del Toro|Bocas del Toro
Bocas del Toro|Changuinola
Bocas del Toro|Chiriquí Grande
Coclé|Aguadulce
Coclé|Antón
Coclé|La Pintada
Coclé|Natá
Coclé|Olá
Coclé|Penonomé
Chiriquí|Alanje
Chiriquí|Barú
Chiriquí|Boquerón
Chiriquí|Boquete
Chiriquí|Bugaba
Chiriquí|David
Chiriquí|Dolega
Chiriquí|Gualaca
Chiriquí|Remedios
Chiriquí|Renacimiento
Chiriquí|San Felix
Chiriquí|San Lorenzo
Chiriquí|Tolé
Darién|Chepigana
Darién|Pinogana
Herrera|Chitré
Herrera|Las Minas
Herrera|Los Pozos
Herrera|Ocú
Herrera|Parita
Herrera|Pesé
Herrera|Santa María
Los Santos|Guararé
Los Santos|Las Tablas
Los Santos|Los Santos
Los Santos|Macaracas
Los Santos|Pedasí
Los Santos|Pocrí
Los Santos|Tonosí
Veraguas|Atalaya
Veraguas|Calobre
Veraguas|Cañazas
Veraguas|La Mesa
Veraguas|Las Palmas
Veraguas|Mariato
Veraguas|Montijo
Veraguas|Río de Jesús
Veraguas|San Francisco
Veraguas|Santa Fe
Veraguas|Santiago
Veraguas|Soná
Kuna Yala|El Porvenir
Ngobé Buglé|Llano Tugrí
Ngobé Buglé|Kankintú
Ngobé Buglé|Kusapín
Ngobé Buglé|Besikó
Ngobé Buglé|Mironó
Ngobé Buglé|Muna
Ngobé Buglé|Nole Duima
Ngobé Buglé|Ñurun
Emberá-Wounaan|Unión Chocó
Emberá-Wounaan|Cémaco
Emberá-Wounaan|Sambú