Francisco Morazán|Distrito Central (Tegucigalpa)
Francisco Morazán|Alubaren
Francisco Morazán|Cedros
Francisco Morazán|Curaren
Francisco Morazán|El Porvenir
Francisco Morazán|Guaimaca
Francisco Morazán|La Libertad
Francisco Morazán|La Venta
Francisco Morazán|Lepaterique
Francisco Morazán|Maraita
Francisco Morazán|Marale
Francisco Morazán|Nueva Armenia
Francisco Morazán|Ojojona
Francisco Morazán|Orica
Francisco Morazán|Reitoca
Francisco Morazán|Sabanagrande
Francisco Morazán|San Antonio de Oriente
Francisco Morazán|San Buenaventura
Francisco Morazán|San Ignacio
Francisco Morazán|San Juan de Flores
Francisco Morazán|San Miguelito
Francisco Morazán|Santa Ana
Francisco Morazán|Santa Lucía
Francisco Morazán|Talanga
Francisco Morazán|Tatumbla
Francisco Morazán|Valle de Angeles
Francisco Morazán|Villa de San Francisco
Francisco Morazán|Vallecillo
Atlántida|La Ceiba
Atlántida|El Porvenir
Atlántida|Esparta
Atlántida|Jutiapa
Atlántida|La Masica
Atlántida|San Francisco
Atlántida|Tela
Atlántida|Arizona
Colón|Colón
Colón|Chagres
Colón|Donoso
Colón|Portobelo
Colón|Santa Isabel
Colón|Trujillo
Colón|Balfate
Colón|Iriona
Colón|Limón
Colón|Saba
Colón|Santa Fé
Colón|Santa Rosa de Aguan
Colón|Sonaguera
Colón|Tocoa
Colón|Bonito Oriental
Comayagua|Comayagua
Comayagua|Ajuterique
Comayagua|El Rosario
Comayagua|Esquias
Comayagua|Humuya
Comayagua|La Libertad
Comayagua|Lamani
Comayagua|La Trinidad
Comayagua|Lejamani
Comayagua|Meambar
Comayagua|Minas de Oro
Comayagua|Ojos de AGua
Comayagua|San Jerónimo
Comayagua|San José Comayagua
Comayagua|San José del Potrero
Comayagua|San Luis
Comayagua|San Sebastián
Comayagua|Siguatepeque
Comayagua|Villa de San Antonio
Comayagua|Las Lajas
Comayagua|Taulabe
Copán|Santa Rosa de Copán
Copán|Cabañas
Copán|Concepción
Copán|Copán Ruinas
Copán|Corquin
Copán|Cucuyagua
Copán|Dolores
Copán|Dulce Nombre
Copán|El Paraíso
Copán|Florida
Copán|La Jigua
Copán|La Unión
Copán|Nueva Arcadia
Copán|San Agustín
Copán|San Antonio
Copán|San Jerónimo
Copán|San José
Copán|San Juan de Opoa
Copán|San Nicolás
Copán|San Pedro
Copán|Santa Rita
Copán|Trinidad
Copán|Veracruz
Cortés|San Pedro Sula
Cortés|Choloma
Cortés|Omoa
Cortés|Pimienta
Cortés|Potrerillos
Cortés|Puerto Cortés
Cortés|San Antonio de Cortés
Cortés|San Francisco de Yojoa
Cortés|San Manuel
Cortés|Santa Cruz de Yojoa
Cortés|Villanueva
Cortés|La Lima
Choluteca|Choluteca
Choluteca|Apacilagua
Choluteca|Concepción de María
Choluteca|Duyure
Choluteca|El Corpus
Choluteca|El Triunfo
Choluteca|Marcovia
Choluteca|Morolica
Choluteca|Namasigue
Choluteca|Orocuina
Choluteca|Pespire
Choluteca|San Antonio de Flores
Choluteca|San Isidro
Choluteca|San José
Choluteca|San Marcos de Colón
Choluteca|Santa Ana de Yusguare
El Paraíso|Yuscaran
El Paraíso|Alauca
El Paraíso|Danli
El Paraíso|El Paraíso
El Paraíso|Guinope
El Paraíso|Jacaleapa
El Paraíso|Liure
El Paraíso|Moroceli
El Paraíso|Oropoli
El Paraíso|Potrerillos
El Paraíso|San Antonio de Flores
El Paraíso|San Lucas
El Paraíso|San Matías
El Paraíso|Soledad
El Paraíso|Teupasenti
El Paraíso|Texiguat
El Paraíso|Vado Ancho
El Paraíso|Yauyupe
El Paraíso|Trojes
Gracias a Dios|Puerto Lempira
Gracias a Dios|Brus Laguna
Gracias a Dios|Ahuas
Gracias a Dios|Juan Francisco Bulnes
Gracias a Dios|Villeda Morales
Gracias a Dios|Wampusirpi
Intibucá|La Esperanza
Intibucá|Camasca
Intibucá|Colomoncagua
Intibucá|Concepción
Intibucá|Dolores
Intibucá|Intibuca
Intibucá|Jesús de Otoro
Intibucá|Magdalena
Intibucá|Masaguara
Intibucá|San Antonio 
Intibucá|San Isidro
Intibucá|San Juan
Intibucá|San Marcos de La Sierra
Intibucá|San Miguelito
Intibucá|Santa Lucía
Intibucá|Yamaranguila
Intibucá|San Francisco de Opalaca
Islas de la Bahía|Roatán
Islas de la Bahía|Guanaja
Islas de la Bahía|José Santos Guardiola
Islas de la Bahía|Utila
La Paz|La Paz
La Paz|Aguantequerique
La Paz|Cabañas
La Paz|Cane
La Paz|Chinacla
La Paz|Guajiquiro
La Paz|Lauterique
La Paz|Marcala
La Paz|Mercedes de Oriente
La Paz|Opatoro
La Paz|San Antonio del Norte
La Paz|San José
La Paz|San Juan
La Paz|San pedro de Tutule
La Paz|Santa Ana
La Paz|Santa Elena
La Paz|Santa María
La Paz|Santiago de Puringla
La Paz|Yarula
Lempira|Gracias
Lempira|Belén
Lempira|Candelaria
Lempira|Cololaca
Lempira|Erandique
Lempira|Gualcince
Lempira|Guarita
Lempira|La Campa
Lempira|La Iguala
Lempira|Las Flores
Lempira|La Unión
Lempira|La Virtud
Lempira|Lepaera
Lempira|Mapulaca
Lempira|Piraera
Lempira|San Andrés
Lempira|San Francisco
Lempira|San Juan Guarita
Lempira|San Manuel de Colohete
Lempira|San Rafael
Lempira|San Sebastián
Lempira|Santa Cruz
Lempira|Talgua
Lempira|Tambla
Lempira|Tomala
Lempira|Valladolid
Lempira|Virginia
Lempira|San Marcos de Caiquin
Ocotepeque|Ocotepeque
Ocotepeque|Belén Gualcho 
Ocotepeque|Concepción
Ocotepeque|Dolores Merendón 
Ocotepeque|Fraternidad
Ocotepeque|La Encarnación
Ocotepeque|La Labor
Ocotepeque|Lucema
Ocotepeque|Mercedes
Ocotepeque|San Fernando 
Ocotepeque|San Francisco del Valle
Ocotepeque|San Jorge
Ocotepeque|San Marcos 
Ocotepeque|Santa Fé 
Ocotepeque|Sensenti
Ocotepeque|Sinuapa 
Olancho|Juticalpa
Olancho|Campamento
Olancho|Catacamas
Olancho|Concordia
Olancho|Dulce Nombre de Culmi
Olancho|El Rosario
Olancho|Esquipulas del Norte
Olancho|Gualaco
Olancho|Guarizama
Olancho|Guata
Olancho|Guayape
Olancho|Jano
Olancho|La Unión
Olancho|Mangulile
Olancho|Manto
Olancho|Salama
Olancho|San Esteban
Olancho|San Francisco de Becerra
Olancho|San Francisco de La Paz
Olancho|Santa María del Real
Olancho|Silca
Olancho|Yocon
Olancho|Patuca
Santa Bárbara|Santa Bárbara
Santa Bárbara|Arada
Santa Bárbara|Atima
Santa Bárbara|Azacualpa
Santa Bárbara|Ceguaca
Santa Bárbara|San José de Colinas
Santa Bárbara|Concepción del Norte
Santa Bárbara|Concepción del Sur
Santa Bárbara|Chinda
Santa Bárbara|El Níspero
Santa Bárbara|Gualala
Santa Bárbara|Llama
Santa Bárbara|Macuelizo
Santa Bárbara|Naranjito
Santa Bárbara|Nuevo Celilac
Santa Bárbara|Petoa
Santa Bárbara|Protección
Santa Bárbara|Quimistan
Santa Bárbara|San Francisco de Ojuera
Santa Bárbara|San Luis
Santa Bárbara|San Marcos
Santa Bárbara|San Nicolás
Santa Bárbara|San Pedro de Zacapa
Santa Bárbara|Santa Rita
Santa Bárbara|San Vicente Centenario
Santa Bárbara|Trinidad
Santa Bárbara|Las Vegas
Santa Bárbara|Nueva Frontera
Valle|Nacaome
Valle|Alianza
Valle|Amapala
Valle|Aramecina
Valle|Caridad
Valle|Goascoran
Valle|Langue
Valle|San Francisco de Coray
Valle|San Lorenzo
Yoro|Yoro
Yoro|Arenal
Yoro|El Negrito
Yoro|El Progreso
Yoro|Jocon
Yoro|Morazan
Yoro|Olanchito
Yoro|Santa Rita
Yoro|Sulaco
Yoro|Victoria
Yoro|Yorito
