Guatemala|Guatemala
Guatemala|Santa Catarina Pinula
Guatemala|San José Pinula
Guatemala|San José del Golfo
Guatemala|Palencia
Guatemala|Chinautla
Guatemala|San Pedro Ayampuc
Guatemala|Mixco
Guatemala|San Pedro Sacatepequez
Guatemala|San Juan Sacatepequez
Guatemala|San Raymundo
Guatemala|Chuarrancho
Guatemala|Fraijanes
Guatemala|Amatitlán
Guatemala|Villa Nueva
Guatemala|Villa Canales
Guatemala|San Miguel Petapa
Alta Verapaz|Cobán
Alta Verapaz|Santa Cruz Verapaz
Alta Verapaz|San Cristobal Verapaz
Alta Verapaz|Tactíc
Alta Verapaz|Tamahú
Alta Verapaz|San Miguel Tucurú
Alta Verapaz|Panzos
Alta Verapaz|Senahú
Alta Verapaz|San Pedro Carchá
Alta Verapaz|SanJuan Chamelco
Alta Verapaz|Lanquín
Alta Verapaz|Santa María Cahabón
Alta Verapaz|Chisec
Alta Verapaz|Chahal
Alta Verapaz|Fray Bartolomé de las Casas
Alta Verapaz|Santa Catarina La Tinta
Baja Verapaz|Salamá
Baja Verapaz|San Miguel Chicaj
Baja Verapaz|Rabinal
Baja Verapaz|Cubulco
Baja Verapaz|Granados
Baja Verapaz|Santa Cruz El Chol
Baja Verapaz|San Jerónimo
Baja Verapaz|Purulhá
Chimaltenango|Chimaltenango
Chimaltenango|San José Poaquil
Chimaltenango|San Martín Jilotepeque
Chimaltenango|San Juan Comalapa
Chimaltenango|Santa Apolonia
Chimaltenango|Tecpán Guatemala
Chimaltenango|Patzun
Chimaltenango|San Miguel Pochuta
Chimaltenango|Patzicia
Chimaltenango|Santa Cruz Balanyá
Chimaltenango|Acatenango
Chimaltenango|San Pedro Yepocapa
Chimaltenango|San Andrés Itzapa
Chimaltenango|Parramos
Chimaltenango|Zaragoza
Chimaltenango|El Tejar
Chiquimula|Chiquimula
Chiquimula|San José La Arada
Chiquimula|San Juan Hermita
Chiquimula|Jocotán
Chiquimula|Camotán
Chiquimula|Olopa
Chiquimula|Esquipulas
Chiquimula|Concepción Las Minas
Chiquimula|Quezaltepeque
Chiquimula|San Jacinto
Chiquimula|Ipala
El Progreso|Guastatoya
El Progreso|Morazán
El Progreso|San Agustín Acasaguastlan
El Progreso|San Cristóbal Acasaguastlan 
El Progreso|El Jícaro
El Progreso|Sansare
El Progreso|Sanarate
El Progreso|San Antonio La Paz
El Quiché|Santa Cruz del Quiché
El Quiché|Chiche
El Quiché|Chinique
El Quiché|Zacualpa
El Quiché|Chajul
El Quiché|Santo Tomás Chichicstenango
El Quiché|Patzité
El Quiché|San Antonio Ilotenango
El Quiché|San Pedro Jocopilas
El Quiché|Cunén
El Quiché|San Juan Cotzal
El Quiché|Joyabaj
El Quiché|Santa María Nebaj
El Quiché|San Andrés Sajcabajá
El Quiché|San Miguel Uspatán
El Quiché|Sacapulas
El Quiché|San Bartolomé Jocotenango
El Quiché|Canilla
El Quiché|Chicaman
El Quiché|Playa Grnade - Ixcán
El Quiché|Pachalúm 
Escuintla|Escuintla
Escuintla|Santa Lucía Cotzumalguapa
Escuintla|La Democracia
Escuintla|Siquinalá
Escuintla|Masagua
Escuintla|Pueblo Nuevo Tiquisate
Escuintla|La Gomera
Escuintla|Guanagazapa
Escuintla|Puerto de San José
Escuintla|Iztapa
Escuintla|Palín
Escuintla|San Vicente Pacaya
Escuintla|Nueva Concepción
Huehuetenango|Huehuetenango
Huehuetenango|Chiantla
Huehuetenango|Malacatancito
Huehuetenango|Cuilco
Huehuetenango|Nentón
Huehuetenango|San Pedro Necta
Huehuetenango|Jacaltenango
Huehuetenango|San Pedro Soloma
Huehuetenango|San Ildelfonso Ixtahuac´n 
Huehuetenango|Santa Bárbara
Huehuetenango|La Libertad
Huehuetenango|La Democracia
Huehuetenango|San Miguel Acatán
Huehuetenango|San Rafael La Independencia
Huehuetenango|Todos Santos Chuchcumatán
Huehuetenango|San Juan Atitán
Huehuetenango|Santa Eulalia
Huehuetenango|San Mateo Ixtatán
Huehuetenango|Colotenango
Huehuetenango|San Sebastián Huehuetenango 
Huehuetenango|Tectitán
Huehuetenango|Concepción Huista
Huehuetenango|San Juan Ixcoy
Huehuetenango|San Antonio Huista 
Huehuetenango|San Sebastián Coatán
Huehuetenango|Santa Cruz Barillas
Huehuetenango|Aguacatán
Huehuetenango|San Rafael Petzal
Huehuetenango|San Gaspar Ixchil
Huehuetenango|Santiago Chimaltenango
Huehuetenango|Santa Ana Huista
Izabal|Puerto Barrios
Izabal|Livingston
Izabal|El Estor
Izabal|Morales
Izabal|Los Amates
Jalapa|Jalapa
Jalapa|San Pedro Pinula
Jalapa|San Luis Jilotepeque
Jalapa|San Manuel Chaparrón
Jalapa|San Carlos Alzatate
Jalapa|Monjas
Jalapa|Mataquescuintla
Jutiapa|Jutiapa
Jutiapa|El Progreso
Jutiapa|Santa Catarina Mita
Jutiapa|Agua Blanca
Jutiapa|Asunción Mita
Jutiapa|Yupiltepeque
Jutiapa|Atescatempa
Jutiapa|Jerez
Jutiapa|El Adelanto
Jutiapa|Zapotitlán
Jutiapa|Comapa
Jutiapa|Jalpatagua
Jutiapa|Conguaco
Jutiapa|Moyuta
Jutiapa|Pasaco
Jutiapa|San José Acatempa
Jutiapa|Quezada
Petén|Flores
Petén|San José
Petén|San Benito
Petén|San Andrés
Petén|La Libertad
Petén|San Francisco
Petén|Santa Ana
Petén|Dolores
Petén|San Luis
Petén|Sayaxche
Petén|Melchor de Mencos
Petén|Poptún
Quetzaltenango|Quetzaltenango
Quetzaltenango|Salcajá
Quetzaltenango|Olintepeque
Quetzaltenango|San Carlos Sija
Quetzaltenango|Sibilia
Quetzaltenango|Cabrican
Quetzaltenango|Cajola
Quetzaltenango|San Miguel Siguilça
Quetzaltenango|San Juan Ostuncalco
Quetzaltenango|San Mateo
Quetzaltenango|Concepción Chiquirichapa
Quetzaltenango|San Martín Sacatepequez
Quetzaltenango|Almolonga
Quetzaltenango|Cantel
Quetzaltenango|Huitán
Quetzaltenango|Zunil
Quetzaltenango|Colomba
Quetzaltenango|San Francisco La Unión
Quetzaltenango|El Palmar
Quetzaltenango|Coatepeque
Quetzaltenango|Génova
Quetzaltenango|Flores Costa Cuca
Quetzaltenango|La Esperanza
Quetzaltenango|Palestina de los Altos
Retalhuleu|Retalhuleu
Retalhuleu|San Sebastián
Retalhuleu|Santa Cruz Mulúa
Retalhuleu|San Martín Zapotitlán
Retalhuleu|San Felipe Retalhuleu
Retalhuleu|San Andrés Villa Seca
Retalhuleu|Champerico
Retalhuleu|Nuevo San Carlos
Retalhuleu|El Asintal
Sacatepéquez|Antigua Guatemala
Sacatepéquez|Jocotenango
Sacatepéquez|Pastores
Sacatepéquez|Sumpango
Sacatepéquez|Santo Domingo Xenacoj
Sacatepéquez|Santiago Sacatepequez
Sacatepéquez|San Bartolomé Milpas Altas
Sacatepéquez|San Lucas Sacatepequez
Sacatepéquez|Santa Lucía Milpas Altas
Sacatepéquez|Magdalena Milpas Altas
Sacatepéquez|Santa María de Jesús 
Sacatepéquez|Ciudad Vieja
Sacatepéquez|San Miguel Dueñas
Sacatepéquez|San Juan Alotenango
Sacatepéquez|San Antonio Aguas Calientes
Sacatepéquez|Santa Catarina Barahona
Santa Rosa|Cuilapa
Santa Rosa|Berberena
Santa Rosa|San Rosa de Lima
Santa Rosa|Casillas
Santa Rosa|San Rafael Las Flores
Santa Rosa|Oratorio
Santa Rosa|San Juan TEcuaco
Santa Rosa|Chiquimulilla
Santa Rosa|Taxisco
Santa Rosa|Santa María Ixhuatan
Santa Rosa|Guazacapán
Santa Rosa|Santa Cruz Naranjo
Santa Rosa|Pueblo Nuevo Viñas 
Santa Rosa|Nueva Santa Rosa
Sololá|Sololá
Sololá|San José Chacaya
Sololá|Santa María Visitación
Sololá|Santa Lucía Utatlán
Sololá|Nahualá
Sololá|Santa Catarina Ixtahuacán
Sololá|Santa Clara La Laguna
Sololá|Concepción
Sololá|San Andrés Semetabaj
Sololá|Panajachel
Sololá|Santa Catarina Palopó 
Sololá|San Antonio Palopó
Sololá|San Lucas Tolimán
Sololá|Santa Cruz La Laguna
Sololá|Sna Pablo La Laguna
Sololá|San Marcos La Laguna
Sololá|San Juan La Laguna
Sololá|San Pedro La Laguna
Sololá|Santiago Atitlán
Suchitepéquez|Mazatenango
Suchitepéquez|Cuyotenango
Suchitepéquez|San Francisco Zapotitlán
Suchitepéquez|San Bernardino
Suchitepéquez|San José El Ídolo
Suchitepéquez|Santo Domingo Suchitepequez
Suchitepéquez|San Lorenzo
Suchitepéquez|Samayac
Suchitepéquez|San Pablo Jocopilas
Suchitepéquez|San Antonio Suchitepéquez
Suchitepéquez|San Miguel Panán
Suchitepéquez|San Gabriel
Suchitepéquez|Chicacao
Suchitepéquez|Patulul
Suchitepéquez|Santa Bárbara
Suchitepéquez|San Juan Bautista
Suchitepéquez|Santo Tomás La Unión
Suchitepéquez|Zunilito
Suchitepéquez|Pueblo Nuevo Suchitepéquez
Suchitepéquez|Río Bravo
Totonicapán|Totonicapán
Totonicapán|San Cristóbal Totonicapán
Totonicapán|San Francisco El Alto
Totonicapán|San Andrés Xecul
Totonicapán|Momostenango
Totonicapán|Santa María Chiquimula
Totonicapán|Santa Lucía La Reforma
Totonicapán|San Bartolo Aguas Calientes
Zacapa|Zacapa
Zacapa|Estanzuela
Zacapa|Río Hondo
Zacapa|gualán
Zacapa|Teculután
Zacapa|Usumatlán
Zacapa|Cabañas
Zacapa|San Diego
Zacapa|La Unión
Zacapa|Huite
San Marcos|San Marcos
San Marcos|San Pedro Sacatepéquez
San Marcos|Comitancillo
San Marcos|San Antonio Sacatepéquez
San Marcos|San Miguel Ixtahuacan
San Marcos|Concepción Tutuapa
San Marcos|Tacaná
San Marcos|Sibinal
San Marcos|Tajumulco
San Marcos|Tejutla
San Marcos|San Rafael Pié de la Cuesta
San Marcos|Nuevo Progreso 
San Marcos|El Tumbador
San Marcos|San José El Rodeo
San Marcos|Malacatán
San Marcos|Catarina
San Marcos|Ayutla
San Marcos|Ocos
San Marcos|San Pablo
San Marcos|El Quetzal
San Marcos|La Reforma
San Marcos|Pajapita
San Marcos|Ixchiguan
San Marcos|San José Ojetenán
San Marcos|San Cristóbal Cucho
San Marcos|Sipacapa
San Marcos|Esquipulas Palo Gordo
San Marcos|Río Blanco
San Marcos|San Lorenzo
