San José|Acosta
San José|Alajuelita
San José|Aserrí
San José|Central San José
San José|Curridabat
San José|Desamparados
San José|Dota
San José|Escazú
San José|Goicoechea
San José|León Cortés
San José|Montes de Oca
San José|Mora
San José|Moravia
San José|Pérez Zeledón
San José|Puriscal
San José|Santa Ana
San José|Tarrazú
San José|Tibás
San José|Turrúbares
San José|Vázquez de Coronado
San José|Alfaro Ruiz
Alajuela|Atenas
Alajuela|Central Alajuela
Alajuela|Grecia
Alajuela|Guatuso
Alajuela|Los Chiles
Alajuela|Naranjo
Alajuela|Orotina
Alajuela|Palmares
Alajuela|Poás
Alajuela|San Carlos
Alajuela|San Mateo
Alajuela|San Ramón
Alajuela|Upala
Alajuela|Valverde Vega
Cartago|Alvarado
Cartago|Cartago
Cartago|El Guarco
Cartago|Jiménez
Cartago|La Unión
Cartago|Oreamuno
Cartago|Paraíso
Cartago|Turrialba
Guanacaste|Abangares
Guanacaste|Bagaces
Guanacaste|Cañas
Guanacaste|Carrillo
Guanacaste|Hojancha
Guanacaste|La Cruz
Guanacaste|Liberia
Guanacaste|Nandayure
Guanacaste|Nicoya
Guanacaste|Santa Cruz
Guanacaste|Tilarán
Heredia|Barba
Heredia|Belén
Heredia|Central Heredia
Heredia|Flores
Heredia|San Isidro
Heredia|San Pablo
Heredia|San Rafael
Heredia|Santa Bárbara
Heredia|Santo Domingo
Heredia|Sarapiquí
Limón|Central Limón
Limón|Guácimo
Limón|Matina
Limón|Pococí
Limón|Siquirres
Limón|Talamanca
Puntarenas|Aguirre
Puntarenas|Buenos Aires
Puntarenas|Central Puntarenas
Puntarenas|Corredores
Puntarenas|Coto Brus
Puntarenas|Esparza
Puntarenas|Garabito
Puntarenas|Golfito
Puntarenas|Montes de Oro
Puntarenas|Osa
Puntarenas|Parrita